Canal,Orcamento,Conversoes,Valor_Venda,ROI,Classificacao_ROI
Facebook,2000,60,3000,1.5,Bom
Google Ads,3000,100,5000,1.6666666666666667,Bom
Instagram,1500,40,2000,1.3333333333333333,Bom
LinkedIn,1800,25,1250,0.6944444444444444,Ruim
TikTok,1200,80,4000,3.3333333333333335,Excelente
